,best_arm,algorithm,function,euclidean_distance,true_reward_difference,cumulative_regret,timetocomple
0,"[-0.25, 0.40625, 0.5, 0.95703125]",mLGHOO,Miele,0.8166305014978087,0.6522166654093398,62286.684207701575,9.134800272004213
1,"[-0.15625, 0.5, 0.59375, 0.6875]",mLGHOO,Miele,0.7328774624724109,0.20059915496710143,6085.677837875605,7.576891479024198
2,"[-0.5546875, 0.453125, 0.5, 1.25]",mLGHOO,Miele,0.9587755150613985,3.5165826681427923,131511.48656439382,8.218630602990743
3,"[-0.4375, 1.0625, 0.921875, 0.5]",mLGHOO,Miele,0.671875,0.09863498111594479,93205.49153541082,7.280045865976717
4,"[0.125, 0.5, -0.0625, 0.21875]",mLGHOO,Miele,1.415938844901149,3.1960069831475177,7375.267130124697,6.117290456953924
5,"[0.125, 0.6875, 0.39453125, -0.390625]",mLGHOO,Miele,1.553612418800636,1.0627431033078871,404774.18445947114,6.59572191699408
6,"[1.25, 0.3125, 0.5, 0.96875]",mLGHOO,Miele,1.511996300425368,6.030569147816176,21427.179209945,7.4827689419616945
7,"[0.6875, 1.07421875, 0.5, 0.921875]",mLGHOO,Miele,0.8568945025360838,3.7818738093843463,68923.81791875396,7.101857241999824
8,"[0.5, 0.3125, 0.23046875, -0.625]",mLGHOO,Miele,1.9888337272699703,1.7663053180808959,94474.32960785605,7.834921157977078
9,"[0.125, 0.1484375, 0.3125, -0.625]",mLGHOO,Miele,1.963177256746382,3.734217869626781,90179.00310596498,5.791410662990529
10,"[-0.90625, 1.2734375, 1.25, 0.546875]",mLGHOO,Miele,1.0788324218947305,3.0558015728161423,193278.01986470426,7.265733192965854
11,"[-0.25, 0.6875, 1.25, 0.96875]",mLGHOO,Miele,0.47289831095067364,3.3012412934709667,19797.815199748675,7.65707083401503
12,"[0.59375, 0.3125, -0.25, 0.5]",mLGHOO,Miele,1.6240983075232853,3.939587501869415,128896.63406995607,7.276177806954365
13,"[-0.63671875, 0.5, 0.5, 0.3828125]",mLGHOO,Miele,1.13416540978722,3.763098514143338,10239.76454803174,6.828228434955236
14,"[1.15625, 0.5, 0.5, 0.44580078125]",mLGHOO,Miele,1.4642577766783793,3.195770001079579,47287.69649949842,7.535574066976551
15,"[1.25, 0.875, 0.5, 0.03125]",mLGHOO,Miele,1.663310422771408,6.424257059957555,39552.192512450405,6.5904066460207105
16,"[1.25, 0.5, 0.34765625, 0.40625]",mLGHOO,Miele,1.6095314320211527,5.9638039824163975,58784.35197306986,6.029727729037404
17,"[1.25, 0.5, 0.5, -0.25]",mLGHOO,Miele,1.9039432764659772,6.7157437785421035,53671.14024546508,6.643537049007136
18,"[1.25, 1.25, 1.25, 0.5]",mLGHOO,Miele,1.3919410907075054,7.575449828097139,58487.22587691311,8.248339382000268
19,"[-0.25, 0.125, 0.3125, 0.5]",mLGHOO,Miele,1.2453036778232047,1.8102183488326888,6748.232930979452,6.111519892001525
20,"[-0.203125, -0.25, -0.25, 0.40625]",mLGHOO,Miele,1.8758461632354078,5.0879815151716565,140077.17338343943,6.956871122005396
21,"[1.0390625, 0.59375, 0.5, 0.93359375]",mLGHOO,Miele,1.2243772831302093,1.4080595750068083,110710.54794300701,7.186859301989898
22,"[0.59375, -0.15625, -0.25, 0.5]",mLGHOO,Miele,1.8713506151974835,1.0206957255929041,183870.4496689478,7.194774586008862
23,"[1.0625, -0.25, 0.1484375, 0.125]",mLGHOO,Miele,2.0450403275745566,2.1500958585088368,101613.3164596009,7.393296240014024
24,"[0.5703125, 0.5, 0.828125, 0.5]",mLGHOO,Miele,0.9245525205640024,0.14944753617930867,16366.288499915698,6.624024597986136
25,"[0.6875, 0.5, 0.5, -0.25]",mLGHOO,Miele,1.5922174003571246,0.8031110625106596,165341.56320655957,7.435216382960789
26,"[1.109375, 0.5, 0.171875, 0.359375]",mLGHOO,Miele,1.6052739008888794,2.421119153726522,51895.64753242247,7.213659392960835
27,"[0.60546875, 1.4375, 1.25, 0.5]",mLGHOO,Miele,0.9330051753482199,1.4077850407993158,335629.1044865667,7.063059384003282
28,"[0.5, 0.125, 0.5, -0.25]",mLGHOO,Miele,1.6817030058842137,1.0889639474924988,232946.69245839634,6.923249423969537
29,"[0.8984375, 0.5, 1.0625, 1.7890625]",mLGHOO,Miele,1.2975807567594781,4.216127730727225,96813.37726615215,6.3328238419489935
30,"[0.8544921875, 0.6875, 1.25, 0.5]",mLGHOO,Miele,1.067854460354282,4.209775637637635,95560.04478308477,6.94868484797189
31,"[-0.859375, 0.5, 0.875, 0.875]",mLGHOO,Miele,1.0098392895035329,12.587815027054207,26954.14631168857,7.373731099010911
32,"[-0.625, 0.6875, 0.96875, 1.25]",mLGHOO,Miele,0.7428040202502946,2.023429198605885,45581.51494815786,6.17008121102117
33,"[-0.8125, 0.875, 0.5, 1.0625]",mLGHOO,Miele,0.9642030387838445,4.237347496584489,146608.39743897537,7.609838322037831
34,"[1.25, -0.25, 0.125, 0.875]",mLGHOO,Miele,1.976423537605237,7.074608021556164,236204.05224544642,6.462498927954584
35,"[0.21875, 0.546875, 0.6875, 1.625]",mLGHOO,Miele,0.8610778583409284,3.4470328948890074,46770.07167189282,6.432420105964411
36,"[0.875, 0.44140625, 0.59375, 1.25]",mLGHOO,Miele,1.1424495787732,0.6965972032405494,190785.8736800931,7.320728096994571
37,"[1.25, 1.25, 0.875, 0.875]",mLGHOO,Miele,1.286953767623375,7.100339512550981,53570.71000983197,6.647348161961418
38,"[-0.25, 1.0625, 0.5, 1.109375]",mLGHOO,Miele,0.5730350256528828,3.40741139608499,92207.60526066805,6.327028359984979
39,"[0.5234375, 1.015625, 0.5, 0.21875]",mLGHOO,Miele,1.065167836320291,1.9239948464836616,151637.70622514948,7.773158702009823
40,"[-0.25, 0.5, 1.25, 0.5]",mLGHOO,Miele,0.7905694150420949,18.9289195604393,47931.16642367995,6.134096661990043
41,"[-0.53125, 0.5, 0.5, 1.109375]",mLGHOO,Miele,0.89117307697495,2.324614874510512,65913.93184431856,6.903786136012059
42,"[0.21875, 0.5, 0.5, 0.125]",mLGHOO,Miele,1.1460700513057656,0.032499420797020624,102588.62429464803,7.001500030979514
43,"[1.25, 0.5, 0.5, -0.25]",mLGHOO,Miele,1.9039432764659772,6.7157437785421035,42563.92864779863,6.301748569996562
44,"[0.5, 1.0625, 0.5, 0.5]",mLGHOO,Miele,0.8682777493406127,3.2147672052059626,135148.74301316543,7.125833041034639
45,"[0.59375, 0.5, 0.5, 0.125]",mLGHOO,Miele,1.2720707773154762,0.03946090181540675,61516.296273159634,7.798658020037692
46,"[0.5, -0.15625, 0.125, 0.171875]",mLGHOO,Miele,1.743080628693062,0.3919365853753054,50225.56836409142,5.983802694012411
47,"[0.3125, 0.40625, 0.5, 0.669921875]",mLGHOO,Miele,0.8995259201954747,0.012232396633429484,10468.330497874056,6.241889188007917
48,"[0.5, -0.25, 0.5, 1.25]",mLGHOO,Miele,1.4577379737113252,19.093194208766594,243765.23215682985,7.2253595720394515
49,"[0.21875, 0.6640625, 0.5, 0.78125]",mLGHOO,Miele,0.6771684641994561,0.009300502525085439,99645.75257152568,6.501830940018408
50,"[-0.25, 0.5, 0.5, 1.390625]",mLGHOO,Miele,0.8456286954834256,2.713068487245027,3148172.808595006,8.506807444966398
51,"[-0.0625, -0.0625, -0.25, 0.3125]",mLGHOO,Miele,1.7798788582372678,1.7755089514148172,97260.70064900763,6.781052949023433
52,"[-0.203125, 0.546875, 0.5, -0.25]",mLGHOO,Miele,1.434950184239857,0.9649525189831467,58891.52824375765,7.559148378961254
53,"[-0.0625, 0.5205078125, 0.3125, -0.625]",mLGHOO,Miele,1.8295082010949104,3.5375850973756617,280238.72432334,6.31564459198853
54,"[0.67578125, 0.5, 0.5, 1.15625]",mLGHOO,Miele,0.9905020748850365,0.3952337997228993,53480.91869244193,7.111047710990533
55,"[0.3125, 0.5, 0.7578125, 1.25]",mLGHOO,Miele,0.6846977692064214,0.11499644780007007,46855.34477661901,5.975414398999419
56,"[0.7109375, -0.25, 0.21875, -0.625]",mLGHOO,Miele,2.3062759356603992,3.0244865098323044,3703304.1304790126,7.604412675020285
57,"[0.78125, 0.6875, 1.25, 0.5]",mLGHOO,Miele,1.0102018672027884,4.062397047884115,224333.8388310291,8.079453465994447
58,"[0.5, -0.0625, 0.3125, 0.40625]",mLGHOO,Miele,1.484621690027463,0.48242341229982244,89475.13511836973,5.968375645985361
59,"[0.875, 0.125, 0.125, -0.53125]",mLGHOO,Miele,2.154437644142898,0.7026029496223499,56190.270566029954,6.722900332999416
60,"[-0.25, -0.625, -0.25, 0.5]",mLGHOO,Miele,2.125,14.312799745466624,430631.0579671817,6.628371283004526
61,"[1.25, 0.59375, 0.5, 0.6875]",mLGHOO,Miele,1.4405538214520137,5.9707394383405665,57022.40499572893,7.501577910967171
62,"[-0.25, 0.875, 0.3125, 0.5]",mLGHOO,Miele,0.8948638164547721,3.1969361307363937,62966727.00823981,6.9864228969672695
63,"[1.15625, 0.5, 0.5, -0.25]",mLGHOO,Miele,1.84375,3.9489630841705705,190267.50181536496,8.63930659100879
64,"[0.59375, 0.875, 0.6875, 0.21875]",mLGHOO,Miele,1.0373870420436144,0.09640122582350326,65355.549343897015,7.375534640974365
65,"[0.5, 1.0625, 0.5, 1.25]",mLGHOO,Miele,0.7525996611745185,3.967968951416183,422168.4209680461,7.322254864033312
66,"[0.546875, -0.0625, 0.5, 0.5]",mLGHOO,Miele,1.3885166601899308,3.344728101026626,351784.2805680108,7.688783845980652
67,"[1.015625, 0.58203125, 0.5, 0.875]",mLGHOO,Miele,1.2131846589046378,1.15842764318452,24544.984270591878,6.701652041985653
68,"[0.5, 0.5, 1.25, 1.25]",mLGHOO,Miele,0.7905694150420949,17.8018866073406,378047.9597230095,6.0087483449606225
69,"[0.3125, 1.25, 0.6875, 1.625]",mLGHOO,Miele,0.8052561704203204,6.681853569564382,132303.2672588984,6.62044462695485
70,"[-0.6748046875, 0.5, 0.5, 0.8486328125]",mLGHOO,Miele,0.9890770403379268,4.649769802022155,52473.73158907634,7.649018322001211
71,"[0.6875, 0.875, 0.6875, 1.625]",mLGHOO,Miele,0.9882117688026185,3.5153550435341887,129176.24432298678,6.163116731971968
72,"[1.25, 0.3125, -0.0625, 0.5]",mLGHOO,Miele,1.8477181873868103,6.3965241873490015,46373.3145653875,7.164579918025993
73,"[1.25, -0.25, -0.25, 0.5]",mLGHOO,Miele,2.222048604328897,6.796516590892102,1171114.256640525,6.92856050998671
74,"[0.3125, 0.125, -0.109375, -0.25]",mLGHOO,Miele,1.912196156419367,0.1524791900355878,11860.003594117941,6.197915719007142
75,"[-0.625, 1.25, 0.787109375, 1.625]",mLGHOO,Miele,0.942906367680742,2.6761461307108783,52142.008594793435,7.018309205013793
76,"[-0.25, 0.13671875, 0.3125, 0.125]",mLGHOO,Miele,1.4303970660629735,1.7369399568792299,8999.711902239158,6.100776795996353
77,"[-0.625, 0.6875, 0.6875, 0.5]",mLGHOO,Miele,0.9142961773954871,1.9682637829802545,86818.17139809475,6.6197335660108365
78,"[1.25, -0.25, -0.25, -0.625]",mLGHOO,Miele,2.707050978463464,6.0673218312548975,64318.22023753242,6.9452821430168115
79,"[0.875, 0.125, -0.15625, 0.640625]",mLGHOO,Miele,1.731275383387923,1.4965299495877442,64526.76657975439,6.946337666013278
80,"[1.0625, 0.78125, 0.6875, 1.25]",mLGHOO,Miele,1.15625,1.8182294636418808,54094.047253448865,7.468618309008889
81,"[0.5, 0.2421875, 0.5, 0.78125]",mLGHOO,Miele,1.0593070129364055,0.05785921163571242,69069.1299662852,7.262105771980714
82,"[1.25, -0.25, 0.125, 0.5]",mLGHOO,Miele,2.0348525745124633,6.34541326191896,50285.926559972366,6.463460596976802
83,"[0.5, -0.25, 0.5, 0.125]",mLGHOO,Miele,1.6817030058842137,18.36399944912939,4371.110529582383,6.469740571978036
84,"[0.8046875, 1.068359375, 0.5, 0.875]",mLGHOO,Miele,0.9580292150068497,3.7194920692347377,20018.774109281283,6.802311195002403
85,"[0.6875, 1.0625, 0.5, 1.25]",mLGHOO,Miele,0.8882919002219934,4.068858510055323,221391.66948446352,7.346064446028322
86,"[0.6171875, 1.0625, 0.5, 0.5]",mLGHOO,Miele,0.9406522525121863,3.2635305875373466,195755.89694873002,7.90830696397461
87,"[1.25, 1.0625, 1.2265625, 1.25]",mLGHOO,Miele,1.2962394903744638,6.325021844311987,45646.89171107736,6.244740852969699
88,"[0.6875, -0.625, -0.25, 0.5]",mLGHOO,Miele,2.219410113070588,2.6991968428018542,116649.87855361965,7.055022759013809
89,"[0.5, 1.0625, 0.5, 1.25]",mLGHOO,Miele,0.7525996611745185,3.967968951416183,318310.57561089064,6.274011162051465
90,"[0.171875, 0.5, 0.5, 1.232421875]",mLGHOO,Miele,0.7639116071925571,0.6677226105704127,30869.90828691627,7.406228989013471
91,"[0.6875, 0.875, 0.5, 1.1328125]",mLGHOO,Miele,0.8694368350583325,0.6365449985876603,26657.92078635579,6.781270909006707
92,"[-0.15625, 0.5, 1.0625, 0.4765625]",mLGHOO,Miele,0.7431736869038421,3.5621122943592236,66920.01495868183,6.644934237992857
93,"[1.15625, 0.21875, 0.5, 0.0546875]",mLGHOO,Miele,1.7580902558333715,3.2960544463391623,67841.45738516716,6.9895740580395795
94,"[-0.8125, 0.875, 1.25, 0.5]",mLGHOO,Miele,0.9941233575366791,4.8325814202876884,230983.7402724614,7.84827854600735
95,"[0.875, 0.875, 0.59375, 1.25]",mLGHOO,Miele,1.0043849174992623,0.7888950152557064,3665729.810055984,8.69609241897706
96,"[0.875, 0.359375, 0.359375, 0.3125]",mLGHOO,Miele,1.434950184239857,0.3436246793762035,95721.92046551713,7.028161270020064
97,"[0.5, 0.875, 0.5, 1.25]",mLGHOO,Miele,0.7603453162872774,1.0403943458990073,252835.1501926034,7.301767090975773
98,"[1.25, 1.15625, 0.78125, 1.015625]",mLGHOO,Miele,1.2786750039102979,6.814032559500579,57790.32903417697,6.111345320998225
99,"[0.875, 0.78125, 0.5, -0.4375]",mLGHOO,Miele,1.76914748183977,3.8526490855055258,125672.49258137832,6.557640145998448
100,"[3.8892182440388385, 0.5768260710703295, -0.7408746512576541, 0.829005326861727]",PTE,Miele,4.285437953526272,1418262121698.4097,1730272796254.376,178.08016197104007
101,"[3.8892182440388385, 1.933445515344279, -0.9535248110877325, 0.6169285732036636]",PTE,Miele,4.467699854001389,72296067864008.25,98965400259825.34,177.73038567398908
102,"[3.8892182440388385, 0.5275411971348283, -0.7682583262001076, 0.8024600848754702]",PTE,Miele,4.302905459850675,2.713311520146368e+16,2.8101593861018096e+16,177.88707314402563
103,"[3.8892182440388385, 0.8373636512110421, 1.9120287571083807, 0.34106077438545146]",PTE,Miele,4.051970691966825,1151767337784058.0,1571101863494573.2,178.182695421041
104,"[3.8892182440388385, -0.3431047549329108, 1.8286459441937377, 0.2588517837697819]",PTE,Miele,4.262147781546049,991379980558.2676,2044917402992.6584,177.77782853797544
105,"[3.8892182440388385, 1.650378664511381, -0.7566914680317746, 0.813931548524562]",PTE,Miele,4.320832945105174,1108416806954882.2,1108463317531977.6,177.90557688195258
106,"[3.8892182440388385, 1.6774526965569967, -0.4643285852406366, 1.1066469204122602]",PTE,Miele,4.211958271044854,970181355548464.0,977707071189924.4,181.25822428701213
107,"[3.8892182440388385, 1.6327174778343845, -0.7487730039099929, 0.8219905849019413]",PTE,Miele,4.314654601192265,8.705472059821923e+17,8.705629384328837e+17,181.6135600230191
108,"[3.8892182440388385, -0.8554494599597148, 1.8712267760461616, 0.2984951651549359]",PTE,Miele,4.451949727573317,71288502129.08531,171483969903.95352,177.98258159001125
109,"[3.8892182440388385, 1.4040014579080595, 1.4115191105456772, -0.15918489292658877]",PTE,Miele,4.099060053486642,1.3764305120181722e+16,1.3766598543251558e+16,177.7054734940175
110,"[3.8892182440388385, -0.607825342918436, 1.344693261974839, -0.2257898924760745]",PTE,Miele,4.396873342324372,103960014648889.23,128104986888446.84,178.09735310298856
111,"[3.8892182440388385, -0.7433480684305129, 1.871432968408317, 0.2984294132181198]",PTE,Miele,4.4064586397844865,42131696756.21811,161671259489.77603,177.729897111014
112,"[3.8892182440388385, -0.3921536762289992, 1.4646606375246871, -0.10562612960549622]",PTE,Miele,4.301444996106976,14832681749462.91,15031030091315.652,178.2300507799955
113,"[3.8892182440388385, 1.0574890799960883, 1.8246477409048212, 0.253068166987384]",PTE,Miele,4.045648848309793,2657078718943.95,4037848003795.2495,178.10332609101897
114,"[3.8892182440388385, -0.3762325453200477, -0.6219430666788215, 0.9481751550477551]",PTE,Miele,4.433217758543389,4729462397752.473,8436054425934.125,177.48479166801553
115,"[3.8892182440388385, -0.1767910408425335, -0.4008672364118202, 1.1700156605729632]",PTE,Miele,4.30141721325239,1.7804366073736956e+16,1.7861127377658416e+16,178.6212019600207
116,"[3.8892182440388385, 1.7266611209535765, -0.8097178093901946, 0.7618639896842554]",PTE,Miele,4.357274634849541,2627097582115.6196,2773329896517.4175,177.71018453902798
117,"[3.8892182440388385, -0.8952152806972038, 1.436086417566456, -0.13466382420548872]",PTE,Miele,4.493939570966581,2.2169748495622867e+17,2.2170905493315722e+17,178.38705064798705
118,"[3.8892182440388385, 1.840242002401851, 1.9081199540135305, 0.3363178744912396]",PTE,Miele,4.134873757076773,977314993764.697,1045512457798.1481,178.14555236999877
119,"[3.8892182440388385, -0.835571904263625, -0.0990241863128215, 1.4717943827280724]",PTE,Miele,4.463830963103426,4.085878432729783e+18,4.085920954294796e+18,177.68818989698775
120,"[3.8892182440388385, -0.8245940008425748, 0.5801629040438916, -0.9910737876796337]",PTE,Miele,4.753503953169814,26591877013503.547,30227140788112.273,178.17114757699892
121,"[3.8892182440388385, -0.8921095636667071, 1.3384105176980539, -0.23179621268055262]",PTE,Miele,4.509760607698194,8275237399713.066,10698936944057.535,177.86615896003786
122,"[3.8892182440388385, -0.7419097889745634, 1.58461941825979, 0.013729152811538414]",PTE,Miele,4.413023715199162,1.284170456647934e+16,1.6264794490568808e+16,178.05636828602292
123,"[3.8892182440388385, 0.6109948398695615, -0.2210332295293247, 1.3490837874243842]",PTE,Miele,4.1097597499890455,4696000262563.92,6170971786465.949,177.77634555799887
124,"[3.8892182440388385, -0.6336435308731149, 1.880202038705173, 0.30881982961724863]",PTE,Miele,4.3643207252216465,8487080366863.351,12754279860704.516,178.14523421000922
125,"[3.8892182440388385, -0.1464828849606643, 1.8939718164897403, 0.32317808281604776]",PTE,Miele,4.206865230968399,2.211610964015279e+22,2.211848286305228e+22,177.97286132001318
126,"[3.8892182440388385, -0.22464951240501208, -0.8430943517860721, 0.7265168010875476]",PTE,Miele,4.4830318789488315,506840003134.3848,1272847241868.6025,177.93941572098993
127,"[3.8892182440388385, -0.3916137127420666, 1.7763993426994045, 0.20517606123661603]",PTE,Miele,4.277516605254936,30093509020470.652,55231880159615.06,178.24938468099572
128,"[3.8892182440388385, 1.647516199446187, -0.8711865801604866, 0.6968952424956507]",PTE,Miele,4.374757992175596,18417706043.855038,42208023130.142426,177.72668301104568
129,"[3.8892182440388385, 1.7378495637923326, -0.25827677311205943, 1.3126257742449936]",PTE,Miele,4.165505472452132,7855351289492152.0,1.31289789753089e+16,178.18077862198697
130,"[3.8892182440388385, -0.09655381677525277, 1.8924371845570231, 0.3217655658739975]",PTE,Miele,4.193434737642069,4134482665736159.0,4136513903495116.0,178.39990616595605
131,"[3.8892182440388385, -0.64587844311879, 1.7031232174594173, 0.13222690923435643]",PTE,Miele,4.36833455624396,1.0007431250651976e+16,1.7614872352821672e+16,185.7384789349744
132,"[3.8892182440388385, 1.1889319232682949, -0.7233908573391544, 0.847395845311806]",PTE,Miele,4.260877596996033,1.1656054292676777e+20,1.16561647785399e+20,178.2032640890102
133,"[3.8892182440388385, -0.010440581831090978, 1.7233211911283832, 0.15114984431515377]",PTE,Miele,4.170221678941933,279745369761.11786,568814093458.134,177.54950982501032
134,"[3.8892182440388385, 1.5673758801672273, -0.568251708480101, 1.0029456188796626]",PTE,Miele,4.231708406421858,38674078109679.64,39495804466590.16,178.0193672729656
135,"[3.8892182440388385, -0.7061852974937336, -0.7196809023704465, 0.851359059231179]",PTE,Miele,4.584373823587971,283819761871056.06,292042857916740.6,178.86380413203733
136,"[3.8892182440388385, 1.7962007203297725, -0.8754347554137201, 0.6965098631028115]",PTE,Miele,4.401058500159455,575162241991.404,1103974025515.1946,177.70676778600318
137,"[3.8892182440388385, -0.21016448752397687, 1.8013231412159532, 0.23032850812647165]",PTE,Miele,4.221969874203242,646627214192338.0,930276675109770.1,178.25709287298378
138,"[3.8892182440388385, -0.5501631241956838, 1.8481132323689997, 0.2791680451416845]",PTE,Miele,4.33219563540763,85161190580.52718,126750635785.70288,177.93188779999036
139,"[3.8892182440388385, -0.21597244026556417, 1.6957731562022968, 0.12503686003732173]",PTE,Miele,4.225431138527167,7.700313301464459e+16,7.72546095336664e+16,178.20361040299758
140,"[3.8892182440388385, -0.6996075368212279, 1.6517526111758212, 0.08117771395140849]",PTE,Miele,4.391321007225289,415965681255939.75,420782068689704.5,177.7215745120193
141,"[3.8892182440388385, 1.990768911172748, 1.4104574161439851, -0.1615381429445789]",PTE,Miele,4.19824817430958,483488283829.5253,549143269949.2612,177.61105984204914
142,"[3.8892182440388385, 1.9031174234587427, -0.6718590956535329, 0.8996280859331187]",PTE,Miele,4.329760615458111,4389879860552.865,5098849228152.989,177.8546249800129
143,"[3.8892182440388385, -0.23992583622187102, -0.49099087134410824, 1.0795691560079463]",PTE,Miele,4.346587127634086,320737084540233.5,336742907650354.3,177.62513941602083
144,"[3.8892182440388385, -0.757113329766922, 1.8212935946861095, 0.25034083076491]",PTE,Miele,4.410212902128403,1669708537557013.2,1713771123877922.8,178.24249267298728
145,"[3.8892182440388385, 0.13707016560585839, -0.538191877614169, 1.0326810443150198]",PTE,Miele,4.27057007340563,2.9053286637689696e+16,2.916669081150697e+16,178.0175041820039
146,"[3.8892182440388385, 1.475913276463939, -0.9310529868699906, 0.6402608657941913]",PTE,Miele,4.383022915666521,13940283085900.38,15721770476103.44,177.4493344569928
147,"[3.8892182440388385, -0.630969644933874, 1.8477242328713608, 0.27491085224855816]",PTE,Miele,4.362392827296107,60412698432.19352,194299200300.98175,177.8733268380165
148,"[3.8892182440388385, 0.7507530924384911, -0.7123525050985386, 0.8579865721363933]",PTE,Miele,4.259162063845931,22876348032663.85,27115013166314.605,177.4228407269693
149,"[3.8892182440388385, -0.8531444626506282, -0.5579656753036695, 1.0131730492067774]",PTE,Miele,4.581221837443266,72757287353942.73,74614771326143.53,178.06327852298273
150,"[3.8892182440388385, -0.49298426629478986, 1.514603638105061, -0.056359980837913826]",PTE,Miele,4.328479396119979,1276726148370054.0,1282244266314450.0,177.91441571596079
151,"[3.8892182440388385, -0.8320179060698364, -0.4551610545730407, 1.1155536138915947]",PTE,Miele,4.540171196150491,2.2490443263292176e+16,2.2498991829962228e+16,177.87016784999287
152,"[3.8892182440388385, -0.8827414288877796, 1.9504601348465842, 0.38027637722932495]",PTE,Miele,4.4674562867886625,7101976416065.817,7933042251213.856,177.8541593470145
153,"[3.8892182440388385, 1.7683592815675655, 1.1040241489135818, -0.46547077546353843]",PTE,Miele,4.227862362072644,348620280147.19073,923184226750.6476,177.52679433400044
154,"[3.8892182440388385, -0.8396966695233639, 0.7121706616304624, -0.858803438121953]",PTE,Miele,4.695582853621064,1001237693907362.4,1052821425587994.1,177.8911257099826
155,"[3.8892182440388385, 0.710242243422083, 1.5426242304899196, -0.02844393649341659]",PTE,Miele,4.069657982347714,183124017247534.1,183906438122365.16,178.16218251799
156,"[3.8892182440388385, -0.12052638761067513, -0.7260678002765939, 0.8436744588667664]",PTE,Miele,4.402879246704212,810075398487.1821,1781267399196.1204,177.81112044397742
157,"[3.8892182440388385, 1.0782726907283022, 0.19354241076226386, 1.7637681586132947]",PTE,Miele,4.0454741140228645,9434890207023.69,10226054306685.602,186.82472029601922
158,"[3.8892182440388385, -0.19666225106733215, -0.3212388969041754, 1.250686986065034]",PTE,Miele,4.285619591210706,614282245098.6327,983387993590.88,177.88388140598545
159,"[3.8892182440388385, 1.9625001093271948, -0.20417529331840945, 1.3655828208518743]",PTE,Miele,4.199537349061192,860704721180.4343,887970035893.9515,178.12522714596707
160,"[3.8892182440388385, -0.36922241776587084, -0.9030158468061993, 0.6677697488795107]",PTE,Miele,4.553310315806761,7.540871581618666e+19,7.541588382251003e+19,177.93772157898638
161,"[3.8892182440388385, -0.6392034522039485, -0.6200722518720502, 0.9496226637115801]",PTE,Miele,4.521081561394262,679518616757.1654,945274936785.4923,178.02070851501776
162,"[3.8892182440388385, 0.08388421211697672, 1.1500557659593116, -0.4205471284470831]",PTE,Miele,4.243319168246712,714304194395302.4,715100359963356.2,177.9453309290111
163,"[3.8892182440388385, 0.8624375457217237, 1.895813597263353, 0.324547019160768]",PTE,Miele,4.050143294867247,20449364937201.9,22192868444058.715,177.5553086459986
164,"[3.8892182440388385, -0.48264789907002903, -0.5991315906560566, 0.9713961305855232]",PTE,Miele,4.458957654874171,192105592986525.47,224499361306071.1,180.39252663601656
165,"[3.8892182440388385, -0.38711856419470936, 1.2865780517628673, -0.28477523373692915]",PTE,Miele,4.333923262111838,10392208186797.088,11764154632362.082,177.48719983297633
166,"[3.8892182440388385, 1.0004958752407704, -0.5903666788627407, 0.9806878116874662]",PTE,Miele,4.201863625763112,225122489302032.38,225233847301624.0,177.8355621350347
167,"[3.8892182440388385, 1.3226566931650643, 1.6158593828984107, 0.04303524314665408]",PTE,Miele,4.065118721116538,59140695639.595894,88288756388.6464,178.04055750195403
168,"[3.8892182440388385, -0.9640720454601114, -0.7258566838519674, 0.8452735877602453]",PTE,Miele,4.688935818004285,80408341519399.61,88788931295896.42,177.46384375100024
169,"[3.8892182440388385, 0.8520996697054501, 1.6295769487990728, 0.05861389025263408]",PTE,Miele,4.053451368839919,1293977526949868.5,1341066405265802.8,178.05521977198077
170,"[3.8892182440388385, 0.35336534366426475, 1.8646159732996503, 0.2936072694567773]",PTE,Miele,4.097646446387023,491552211718896.0,495910808989825.6,177.8253521049628
171,"[3.8892182440388385, -0.27537326213939994, 1.5515965710640742, -0.019553634911019246]",PTE,Miele,4.253979771838902,63764634969282.484,98213801398029.36,177.97480035800254
172,"[3.8892182440388385, 1.4369782924334196, -0.9819912277066033, 0.5894005996123985]",PTE,Miele,4.406115031649442,7951905429260.977,9386881553456.389,177.73778806900373
173,"[3.8892182440388385, -0.8626396928310348, 0.984497819889878, -0.587245971119903]",PTE,Miele,4.595109929642464,1240932720920.1455,1801542693040.448,177.5135852409876
174,"[3.8892182440388385, -0.998141872256055, 1.9955056355855971, 0.42556649509196953]",PTE,Miele,4.521017010969001,1852246214575.3137,2667117812052.232,177.89332627895055
175,"[3.8892182440388385, 1.5739596721763816, -0.5864847704519786, 0.983901325976895]",PTE,Miele,4.239415213119698,35309265642211.88,75533233969959.52,177.5035296169808
176,"[3.8892182440388385, -0.5451115408233538, 1.8025682682201314, 0.23206884823048712]",PTE,Miele,4.329806266146555,128682456064974.28,283334265849137.1,178.60358416102827
177,"[3.8892182440388385, -0.9912522424667103, -0.4298935578862427, 1.141017516817242]",PTE,Miele,4.599520145605097,5767941902454304.0,7734325758827986.0,178.08022367098602
178,"[3.8892182440388385, -0.8983974305327542, 1.7013428060544058, 0.12956377293521149]",PTE,Miele,4.4698403003920575,1072270777814.5802,1446237952818.7202,177.79441537096864
179,"[3.8892182440388385, 0.7956557135236653, -0.8059665296479541, 0.7659445186977547]",PTE,Miele,4.299310667039121,647640094004.2273,1012478726215.3109,178.2347489289823
180,"[3.8892182440388385, 1.7412992256352866, 1.6782265717164417, 0.10741043454057309]",PTE,Miele,4.114881590840897,6.492750132196532e+18,7.50411553003476e+18,177.840676420019
181,"[3.8892182440388385, 1.411371415774473, -0.6749489373016795, 0.8959779633753193]",PTE,Miele,4.255763094693173,3440128971763731.0,3440304604098771.0,177.9211840920034
182,"[3.8892182440388385, 0.7654907110656277, 0.766592285091831, -0.8039359063774876]",PTE,Miele,4.299962450075311,193456720989434.16,214831601692127.5,177.96980596601497
183,"[3.8892182440388385, 0.32657292525387716, 1.1087124237261845, -0.46148977149991144]",PTE,Miele,4.210379236842799,8025447953936.035,8768691513236.697,177.55516690196237
184,"[3.8892182440388385, -0.12099767098703473, -0.05553337848951745, 1.5143410092923286]",PTE,Miele,4.21442187198532,1384174205694.488,1808925038525.509,191.2952046020073
185,"[3.8892182440388385, 1.7477022921382002, -0.8531889877915404, 0.7178363641699879]",PTE,Miele,4.38166669308494,363468801176069.6,364761735648252.3,177.59029825602192
186,"[3.8892182440388385, 1.763045139058867, -0.18492988855977366, 1.3857859537810397]",PTE,Miele,4.1546535447547175,2.3831533319567788e+16,2.3831724707696828e+16,177.86421848996542
187,"[3.8892182440388385, -0.9136618012128235, 1.2798483026943934, -0.2905960125391104]",PTE,Miele,4.531233074924357,65128671324524.34,66299995961355.35,177.8380837290315
188,"[3.8892182440388385, 1.999518981692356, 1.6469704610404574, 0.07693532589248253]",PTE,Miele,4.170812380648642,2978678404646.083,3180914646656.3613,177.8216946250177
189,"[3.8892182440388385, -0.7900764593603545, -0.5314938896988726, 1.0391400302638454]",PTE,Miele,4.5472406749890295,1437417088098546.2,1615958394631814.5,177.9446171959862
190,"[3.8892182440388385, 1.4539864009716181, -0.7251543021630917, 0.8452950113685764]",PTE,Miele,4.281613387709238,68962918643622.64,122506142253329.95,177.7189653480309
191,"[3.8892182440388385, -0.9590153922816391, 1.0892847934010534, -0.4785691624268241]",PTE,Miele,4.599771559476966,13341578769.27942,37069083804.98065,177.70281491900096
192,"[3.8892182440388385, 1.0072146563864979, -0.46534151861581396, 1.104720679166404]",PTE,Miele,4.157434640238581,3442786917370.085,3550567967328.818,177.7019848540076
193,"[3.8892182440388385, 1.659253641660468, -0.4748581309412948, 1.0954694797064382]",PTE,Miele,4.21247609391035,20718590827363.1,22352694045800.484,177.7113943370059
194,"[3.8892182440388385, 1.7264360872375795, 1.0146275497414332, -0.5561479112050386]",PTE,Miele,4.251533632157322,5.275405002824026e+18,5.275727645083832e+18,178.00467039097566
195,"[3.8892182440388385, 1.788855632240542, -0.6542435436816082, 0.9167342537389582]",PTE,Miele,4.300205418883483,922092807908407.5,922204374855841.0,177.61997960001463
196,"[3.8892182440388385, -0.6026396219660692, 1.145106335040785, -0.42480570751093094]",PTE,Miele,4.44360208167707,1635430209825.6665,2005997404689.9812,178.98211838898715
197,"[3.8892182440388385, -0.2703218068038874, 1.5296031128425032, -0.041248129383177234]",PTE,Miele,4.254928103585591,1.0995688274060632e+17,1.2678833587628733e+17,177.73494654003298
198,"[3.8892182440388385, -0.3036896907962511, 0.29994802342299076, 1.870682655883865]",PTE,Miele,4.251327606385955,6.902698046565022e+16,6.91408060963027e+16,178.20099420298357
199,"[3.8892182440388385, 1.4800449776192997, -0.7420841011064271, 0.8316751365446888]",PTE,Miele,4.291812205267968,12975459030.461267,24298209842.779465,178.46833753597457
0,[ 2.8768036  -1.52370651  1.57462762  0.00383129],Nelder-Mead,Miele,3.995953268203848,7.113389274594e+64,8.691940625661396e+65,0.03480553103145212
1,[ 6.89449619 -6.11919506  5.84429451 -2.00968712],Nelder-Mead,Miele,11.434265258328537,1.1381422839350392e+62,6.062757398874107e+62,0.033055067993700504
2,[ 6.89449619 -6.11919506  5.84429451 -2.00968712],Nelder-Mead,Miele,11.434265258328537,1.1381422839350392e+62,6.062757398874107e+62,0.030665813013911247
3,[ 6.89449619 -6.11919506  5.84429451 -2.00968712],Nelder-Mead,Miele,11.434265258328537,1.1381422839350392e+62,6.062757398874107e+62,0.02367070794571191
4,[ 6.89449619 -6.11919506  5.84429451 -2.00968712],Nelder-Mead,Miele,11.434265258328537,1.1381422839350392e+62,6.062757398874107e+62,0.018208061926998198
5,[ 6.89449619 -6.11919506  5.84429451 -2.00968712],Nelder-Mead,Miele,11.434265258328537,1.1381422839350392e+62,6.062757398874107e+62,0.018080507055856287
6,[ 2.8768036  -1.52370651  1.57462762  0.00383129],Nelder-Mead,Miele,3.995953268203848,7.113389274594e+64,8.691940625661396e+65,0.02164094999898225
7,[ 6.89449619 -6.11919506  5.84429451 -2.00968712],Nelder-Mead,Miele,11.434265258328537,1.1381422839350392e+62,6.062757398874107e+62,0.02047543495427817
8,[ 2.8768036  -1.52370651  1.57462762  0.00383129],Nelder-Mead,Miele,3.995953268203848,7.113389274594e+64,8.691940625661396e+65,0.03112488705664873
9,[ 2.8768036  -1.52370651  1.57462762  0.00383129],Nelder-Mead,Miele,3.995953268203848,7.113389274594e+64,8.691940625661396e+65,0.024338796036317945
10,[ 9.18109737 -2.81889516  1.44404393 -0.12675239],Nelder-Mead,Miele,10.017148058438355,7.113389274594e+64,5.770564687634947e+65,0.02175950596574694
11,[ 6.89449619 -6.11919506  5.84429451 -2.00968712],Nelder-Mead,Miele,11.434265258328537,1.1381422839350392e+62,6.062757398874107e+62,0.01845810899976641
12,[ 1.00191025 -1.31542697  1.37080167 -0.19999466],Nelder-Mead,Miele,2.818245426045619,7.113389274594e+64,3.5899656219526955e+65,0.024909113068133593
13,[ 2.8768036  -1.52370651  1.57462762  0.00383129],Nelder-Mead,Miele,3.995953268203848,7.113389274594e+64,8.691940625661396e+65,0.023906358052045107
14,[ 9.18109737 -2.81889516  1.44404393 -0.12675239],Nelder-Mead,Miele,10.017148058438355,7.113389274594e+64,5.770564687634947e+65,0.022643688949756324
15,[ 6.89449619 -6.11919506  5.84429451 -2.00968712],Nelder-Mead,Miele,11.434265258328537,1.1381422839350392e+62,6.062757398874107e+62,0.018465189961716533
16,[ 6.89449619 -6.11919506  5.84429451 -2.00968712],Nelder-Mead,Miele,11.434265258328537,1.1381422839350392e+62,6.062757398874107e+62,0.03306919091846794
17,[ 2.8768036  -1.52370651  1.57462762  0.00383129],Nelder-Mead,Miele,3.995953268203848,7.113389274594e+64,8.691940625661396e+65,0.031490099034272134
18,[ 3.62777543e+38 -5.67082272e+38  5.05370774e+38 -2.95915611e+37],Nelder-Mead,Miele,8.422975299614565e+38,inf,inf,0.06743592501152307
19,[ 2.8768036  -1.52370651  1.57462762  0.00383129],Nelder-Mead,Miele,3.995953268203848,7.113389274594e+64,8.691940625661396e+65,0.024324037018232048
20,[ 6.89449619 -6.11919506  5.84429451 -2.00968712],Nelder-Mead,Miele,11.434265258328537,1.1381422839350392e+62,6.062757398874107e+62,0.020148056908510625
21,[ 2.8768036  -1.52370651  1.57462762  0.00383129],Nelder-Mead,Miele,3.995953268203848,7.113389274594e+64,8.691940625661396e+65,0.026878830045461655
22,[ 2.8768036  -1.52370651  1.57462762  0.00383129],Nelder-Mead,Miele,3.995953268203848,7.113389274594e+64,8.691940625661396e+65,0.02509128302335739
23,[ 2.8768036  -1.52370651  1.57462762  0.00383129],Nelder-Mead,Miele,3.995953268203848,7.113389274594e+64,8.691940625661396e+65,0.018563112011179328
24,[ 6.89449619 -6.11919506  5.84429451 -2.00968712],Nelder-Mead,Miele,11.434265258328537,1.1381422839350392e+62,6.062757398874107e+62,0.023821505019441247
25,[ 2.71403971 -0.74806947  1.49089353 -0.07990279],Nelder-Mead,Miele,3.4393204201863288,7.113389274594e+64,7.935247928403496e+65,0.018370093079283834
26,[ 6.89449619 -6.11919506  5.84429451 -2.00968712],Nelder-Mead,Miele,11.434265258328537,1.1381422839350392e+62,6.062757398874107e+62,0.028901115991175175
27,[ 3.62777543e+38 -5.67082272e+38  5.05370774e+38 -2.95915611e+37],Nelder-Mead,Miele,8.422975299614565e+38,inf,inf,0.050619041081517935
28,[ 6.89449619 -6.11919506  5.84429451 -2.00968712],Nelder-Mead,Miele,11.434265258328537,1.1381422839350392e+62,6.062757398874107e+62,0.035381768946535885
29,[ 2.8768036  -1.52370651  1.57462762  0.00383129],Nelder-Mead,Miele,3.995953268203848,7.113389274594e+64,8.691940625661396e+65,0.018690912052989006
30,[ 6.89449619 -6.11919506  5.84429451 -2.00968712],Nelder-Mead,Miele,11.434265258328537,1.1381422839350392e+62,6.062757398874107e+62,0.0281490630004555
31,[ 6.89449619 -6.11919506  5.84429451 -2.00968712],Nelder-Mead,Miele,11.434265258328537,1.1381422839350392e+62,6.062757398874107e+62,0.023305243928916752
32,[ 2.8768036  -1.52370651  1.57462762  0.00383129],Nelder-Mead,Miele,3.995953268203848,7.113389274594e+64,8.691940625661396e+65,0.025791320018470287
33,[ 2.24641018 -1.50319358  1.30565477 -0.26514156],Nelder-Mead,Miele,3.606431030650645,7.113389274594e+64,5.020901508824707e+65,0.024724487913772464
34,[ 6.89449619 -6.11919506  5.84429451 -2.00968712],Nelder-Mead,Miele,11.434265258328537,1.1381422839350392e+62,6.062757398874107e+62,0.03731704701203853
35,[ 2.8768036  -1.52370651  1.57462762  0.00383129],Nelder-Mead,Miele,3.995953268203848,7.113389274594e+64,8.691940625661396e+65,0.035152780008502305
36,[ 6.89449619 -6.11919506  5.84429451 -2.00968712],Nelder-Mead,Miele,11.434265258328537,1.1381422839350392e+62,6.062757398874107e+62,0.04079702997114509
37,[ 9.18109737 -2.81889516  1.44404393 -0.12675239],Nelder-Mead,Miele,10.017148058438355,7.113389274594e+64,5.770564687634947e+65,0.036900922073982656
38,[ 2.24641018 -1.50319358  1.30565477 -0.26514156],Nelder-Mead,Miele,3.606431030650645,7.113389274594e+64,5.020901508824707e+65,0.04551679198630154
39,[ 2.8768036  -1.52370651  1.57462762  0.00383129],Nelder-Mead,Miele,3.995953268203848,7.113389274594e+64,8.691940625661396e+65,0.04790491994936019
40,[ 2.24246299 -1.43902893  1.61247742  0.0416811 ],Nelder-Mead,Miele,3.5029995859494707,7.113389274594e+64,3.590265168659467e+65,0.041430599987506866
41,[ 6.89449619 -6.11919506  5.84429451 -2.00968712],Nelder-Mead,Miele,11.434265258328537,1.1381422839350392e+62,6.062757398874107e+62,0.04766209493391216
42,[ 2.8768036  -1.52370651  1.57462762  0.00383129],Nelder-Mead,Miele,3.995953268203848,7.113389274594e+64,8.691940625661396e+65,0.05663453403394669
43,[ 6.89449619 -6.11919506  5.84429451 -2.00968712],Nelder-Mead,Miele,11.434265258328537,1.1381422839350392e+62,6.062757398874107e+62,0.13361972500570118
44,[ 2.8768036  -1.52370651  1.57462762  0.00383129],Nelder-Mead,Miele,3.995953268203848,7.113389274594e+64,8.691940625661396e+65,0.024417730048298836
45,[ 6.89449619 -6.11919506  5.84429451 -2.00968712],Nelder-Mead,Miele,11.434265258328537,1.1381422839350392e+62,6.062757398874107e+62,0.02492035797331482
46,[ 6.89449619 -6.11919506  5.84429451 -2.00968712],Nelder-Mead,Miele,11.434265258328537,1.1381422839350392e+62,6.062757398874107e+62,0.032109427032992244
47,[ 3.62777543e+38 -5.05370774e+38  5.67082272e+38 -2.09084218e+38],Nelder-Mead,Miele,8.673555664129847e+38,inf,inf,0.07851626502815634
48,[ 2.8768036  -1.52370651  1.57462762  0.00383129],Nelder-Mead,Miele,3.995953268203848,7.113389274594e+64,8.691940625661396e+65,0.04830116999801248
49,[ 2.8768036  -1.52370651  1.57462762  0.00383129],Nelder-Mead,Miele,3.995953268203848,7.113389274594e+64,8.691940625661396e+65,0.035273113986477256
50,[ 6.89449619 -6.11919506  5.84429451 -2.00968712],Nelder-Mead,Miele,11.434265258328537,1.1381422839350392e+62,6.062757398874107e+62,0.03641677100677043
51,[ 2.8768036  -1.52370651  1.57462762  0.00383129],Nelder-Mead,Miele,3.995953268203848,7.113389274594e+64,8.691940625661396e+65,0.035526180057786405
52,[ 5.00342345 -1.45025363  1.27408605 -0.29671028],Nelder-Mead,Miele,5.726654329453383,7.113389274594e+64,5.046407360452115e+65,0.048440658021718264
53,[ 6.89449619 -6.11919506  5.84429451 -2.00968712],Nelder-Mead,Miele,11.434265258328537,1.1381422839350392e+62,6.062757398874107e+62,0.03545625600963831
54,[ 2.8768036  -1.52370651  1.57462762  0.00383129],Nelder-Mead,Miele,3.995953268203848,7.113389274594e+64,8.691940625661396e+65,0.027784280013293028
55,[ 6.89449619 -6.11919506  5.84429451 -2.00968712],Nelder-Mead,Miele,11.434265258328537,1.1381422839350392e+62,6.062757398874107e+62,0.023640983970835805
56,[ 9.18109737 -2.81889516  1.44404393 -0.12675239],Nelder-Mead,Miele,10.017148058438355,7.113389274594e+64,5.770564687634947e+65,0.032094464055262506
57,[ 6.89449619 -6.11919506  5.84429451 -2.00968712],Nelder-Mead,Miele,11.434265258328537,1.1381422839350392e+62,6.062757398874107e+62,0.03911240701563656
58,[ 6.89449619 -6.11919506  5.84429451 -2.00968712],Nelder-Mead,Miele,11.434265258328537,1.1381422839350392e+62,6.062757398874107e+62,0.03478369500953704
59,[ 2.24641018 -1.50319358  1.30565477 -0.26514156],Nelder-Mead,Miele,3.606431030650645,7.113389274594e+64,5.020901508824707e+65,0.03059947199653834
60,[ 2.24641018 -1.50319358  1.30565477 -0.26514156],Nelder-Mead,Miele,3.606431030650645,7.113389274594e+64,5.020901508824707e+65,0.03134740702807903
61,[ 6.89449619 -6.11919506  5.84429451 -2.00968712],Nelder-Mead,Miele,11.434265258328537,1.1381422839350392e+62,6.062757398874107e+62,0.03819406998809427
62,[ 2.8768036  -1.52370651  1.57462762  0.00383129],Nelder-Mead,Miele,3.995953268203848,7.113389274594e+64,8.691940625661396e+65,0.031814333982765675
63,[ 2.8768036  -1.52370651  1.57462762  0.00383129],Nelder-Mead,Miele,3.995953268203848,7.113389274594e+64,8.691940625661396e+65,0.14357151102740318
64,[ 2.8768036  -1.52370651  1.57462762  0.00383129],Nelder-Mead,Miele,3.995953268203848,7.113389274594e+64,8.691940625661396e+65,0.06797726801596582
65,[ 2.8768036  -1.52370651  1.57462762  0.00383129],Nelder-Mead,Miele,3.995953268203848,7.113389274594e+64,8.691940625661396e+65,0.06399867602158338
66,[ 6.89449619 -6.11919506  5.84429451 -2.00968712],Nelder-Mead,Miele,11.434265258328537,1.1381422839350392e+62,6.062757398874107e+62,0.03235764801502228
67,[ 6.89449619 -6.11919506  5.84429451 -2.00968712],Nelder-Mead,Miele,11.434265258328537,1.1381422839350392e+62,6.062757398874107e+62,0.021053820964880288
68,[ 6.89449619 -6.11919506  5.84429451 -2.00968712],Nelder-Mead,Miele,11.434265258328537,1.1381422839350392e+62,6.062757398874107e+62,0.02146790490951389
69,[ 2.8768036  -1.52370651  1.57462762  0.00383129],Nelder-Mead,Miele,3.995953268203848,7.113389274594e+64,8.691940625661396e+65,0.01895822794176638
70,[ 5.00342345 -1.45025363  1.27408605 -0.29671028],Nelder-Mead,Miele,5.726654329453383,7.113389274594e+64,5.046407360452115e+65,0.03439747204538435
71,[ 2.8768036  -1.52370651  1.57462762  0.00383129],Nelder-Mead,Miele,3.995953268203848,7.113389274594e+64,8.691940625661396e+65,0.025130069931037724
72,[ 6.89449619 -6.11919506  5.84429451 -2.00968712],Nelder-Mead,Miele,11.434265258328537,1.1381422839350392e+62,6.062757398874107e+62,0.01824856805615127
73,[ 2.8768036  -1.52370651  1.57462762  0.00383129],Nelder-Mead,Miele,3.995953268203848,7.113389274594e+64,8.691940625661396e+65,0.01874874799977988
74,[ 3.62777543e+38 -5.67082272e+38  5.05370774e+38 -2.95915611e+37],Nelder-Mead,Miele,8.422975299614565e+38,inf,inf,0.07375852798577398
75,[ 3.62777543e+38 -5.67082272e+38  5.05370774e+38 -2.95915611e+37],Nelder-Mead,Miele,8.422975299614565e+38,inf,inf,0.09912658191751689
76,[ 6.89449619 -6.11919506  5.84429451 -2.00968712],Nelder-Mead,Miele,11.434265258328537,1.1381422839350392e+62,6.062757398874107e+62,0.031161559047177434
77,[ 3.62777543e+38 -5.67082272e+38  5.05370774e+38 -2.95915611e+37],Nelder-Mead,Miele,8.422975299614565e+38,inf,inf,0.07354813104029745
78,[ 9.18109737 -2.81889516  1.44404393 -0.12675239],Nelder-Mead,Miele,10.017148058438355,7.113389274594e+64,5.770564687634947e+65,0.031214953982271254
79,[ 6.89449619 -6.11919506  5.84429451 -2.00968712],Nelder-Mead,Miele,11.434265258328537,1.1381422839350392e+62,6.062757398874107e+62,0.02567344403360039
80,[ 2.8768036  -1.52370651  1.57462762  0.00383129],Nelder-Mead,Miele,3.995953268203848,7.113389274594e+64,8.691940625661396e+65,0.05056135996710509
81,[ 2.8768036  -1.52370651  1.57462762  0.00383129],Nelder-Mead,Miele,3.995953268203848,7.113389274594e+64,8.691940625661396e+65,0.03553171607200056
82,[ 3.62777543e+38 -5.05370774e+38  5.67082272e+38 -2.09084218e+38],Nelder-Mead,Miele,8.673555664129847e+38,inf,inf,0.06080475891940296
83,[ 2.8768036  -1.52370651  1.57462762  0.00383129],Nelder-Mead,Miele,3.995953268203848,7.113389274594e+64,8.691940625661396e+65,0.02924601500853896
84,[ 2.8768036  -1.52370651  1.57462762  0.00383129],Nelder-Mead,Miele,3.995953268203848,7.113389274594e+64,8.691940625661396e+65,0.03337516903411597
85,[ 2.8768036  -1.52370651  1.57462762  0.00383129],Nelder-Mead,Miele,3.995953268203848,7.113389274594e+64,8.691940625661396e+65,0.01968511298764497
86,[ 2.8768036  -1.52370651  1.57462762  0.00383129],Nelder-Mead,Miele,3.995953268203848,7.113389274594e+64,8.691940625661396e+65,0.03410853794775903
87,[ 3.07698227 -1.41107315  1.37159511 -0.19920122],Nelder-Mead,Miele,4.105759380419998,7.113389274594e+64,5.760831507392234e+65,0.052516739000566304
88,[ 2.8768036  -1.52370651  1.57462762  0.00383129],Nelder-Mead,Miele,3.995953268203848,7.113389274594e+64,8.691940625661396e+65,0.05040529405232519
89,[ 6.89449619 -6.11919506  5.84429451 -2.00968712],Nelder-Mead,Miele,11.434265258328537,1.1381422839350392e+62,6.062757398874107e+62,0.09696437197271734
90,[ 2.8768036  -1.52370651  1.57462762  0.00383129],Nelder-Mead,Miele,3.995953268203848,7.113389274594e+64,8.691940625661396e+65,0.0787370940670371
91,[ 6.89449619 -6.11919506  5.84429451 -2.00968712],Nelder-Mead,Miele,11.434265258328537,1.1381422839350392e+62,6.062757398874107e+62,0.041328542050905526
92,[ 2.8768036  -1.52370651  1.57462762  0.00383129],Nelder-Mead,Miele,3.995953268203848,7.113389274594e+64,8.691940625661396e+65,0.05866551597137004
93,[ 2.8768036  -1.52370651  1.57462762  0.00383129],Nelder-Mead,Miele,3.995953268203848,7.113389274594e+64,8.691940625661396e+65,0.020886413985863328
94,[ 2.24246299 -1.43902893  1.61247742  0.0416811 ],Nelder-Mead,Miele,3.5029995859494707,7.113389274594e+64,3.590265168659467e+65,0.06084515596739948
95,[ 6.89449619 -6.11919506  5.84429451 -2.00968712],Nelder-Mead,Miele,11.434265258328537,1.1381422839350392e+62,6.062757398874107e+62,0.060863881022669375
96,[ 6.89449619 -6.11919506  5.84429451 -2.00968712],Nelder-Mead,Miele,11.434265258328537,1.1381422839350392e+62,6.062757398874107e+62,0.028029261040501297
97,[ 2.24641018 -1.50319358  1.30565477 -0.26514156],Nelder-Mead,Miele,3.606431030650645,7.113389274594e+64,5.020901508824707e+65,0.021708323969505727
98,[ 2.8768036  -1.52370651  1.57462762  0.00383129],Nelder-Mead,Miele,3.995953268203848,7.113389274594e+64,8.691940625661396e+65,0.027747954009100795
99,[ 2.8768036  -1.52370651  1.57462762  0.00383129],Nelder-Mead,Miele,3.995953268203848,7.113389274594e+64,8.691940625661396e+65,0.03008647495880723
300,"[1.6122417403888045, -0.39616034678413337, -0.24604534445930315, 1.3244622489401592]",Random,Miele,2.491283182382188,143883793471139.7,147979399114504.16,0.13408092001918703
301,"[-0.3544273473927412, -0.14623807258672072, 0.1278573829780294, 1.698671752389766]",Random,Miele,1.6395900175472202,9.436303362012369e+18,9.436303426386835e+18,0.1416687750024721
302,"[-0.45412120745410467, 1.0756520671211498, 0.9035853954574278, -0.6670909603869016]",Random,Miele,1.7321770557573204,4827203325220193.0,4827347506399569.0,0.1393689009710215
303,"[-0.13635102756103779, 1.0571132171088689, 1.581065286167604, 0.011783821901554692]",Random,Miele,1.1558813103991314,189891610819.3421,388936431136.4587,0.1623286459944211
304,"[1.541008918131154, 1.8642803884619679, 0.6172178520089093, -0.9502129210875454]",Random,Miele,2.6592370496135183,7794125009.756012,22463566607.891716,0.14562996197491884
305,"[0.5423717917373829, 1.0998535921784205, -0.10390217476288288, 1.4682378463304442]",Random,Miele,1.319842639304303,306758819254.9288,440629535417.17926,0.16384030500194058
306,"[1.6027067967175275, 1.736756536526066, 1.6935069412574588, 0.12430037907148295]",Random,Miele,2.087889119188341,156555106657.4438,370458583528.93243,0.1666297279880382
307,"[-0.4343226935967128, -0.13081643680760813, 1.1718254406010509, -0.3988341375260849]",Random,Miele,1.8583979504598713,2859615043500853.5,2886927996289419.5,0.1594410400139168
308,"[-0.4375210570601159, 0.7697064975409822, -0.27139829564150497, 1.2985988729306794]",Random,Miele,1.3964507458988444,2451706851577.148,3137943081660.5347,0.132500522013288
309,"[1.1469759980814511, 0.5560133111064278, 0.7304609037365719, -0.840722027929933]",Random,Miele,2.2301540369693322,44764179068477.49,44880580273730.64,0.11321062798378989
310,"[0.6886893781444017, 0.29853139522584926, -0.7604895121308626, 0.8107440283716025]",Random,Miele,2.0252141635324614,27366849960673.562,28279364851911.87,0.14444819802884012
311,"[0.7104769822940309, 1.0058726838875236, -0.8626426433014045, 0.709182904417379]",Random,Miele,2.0146523845352653,891179035960.7781,1174719320715.0857,0.15911104198312387
312,"[1.1541477450677098, 1.4924042936631938, 1.423571172277465, -0.14852797832045528]",Random,Miele,1.753011141103275,347101330547.2889,532732600688.84576,0.13766640797257423
313,"[0.354578181227172, 1.1549764156782034, -0.791255399552697, 0.7796109437587491]",Random,Miele,1.8457818447900158,4.161002695172536e+16,4.161586813111807e+16,0.12463596003362909
314,"[1.2319212943759394, 0.6111663611784055, 1.8243956611708803, 0.25543625497261413]",Random,Miele,1.7037678981547666,87828711756.68541,165108811067.27457,0.1427057379623875
315,"[1.3183690144608944, 1.221643862756049, 0.19985503752067602, 1.770658198176195]",Random,Miele,1.738208525921223,4.584959795091906e+20,4.584960002276123e+20,0.14569267502520233
316,"[1.276748995323604, -0.027795953202329193, -0.13860467516157116, 1.4311708759910031]",Random,Miele,2.041759400390152,921039387935.64,1056378208648.5809,0.1500542500289157
317,"[-0.8765105825931004, -0.05360701163039694, 0.7751171725073978, -0.7955369110739166]",Random,Miele,2.2699963923945696,2442720441386727.5,2446402122036347.0,0.14377302397042513
318,"[-0.11537629739776856, 0.37878462701386484, -0.951040523253795, 0.6193308062201734]",Random,Miele,2.085830383350225,30651739495342.316,41036541908423.46,0.11858857300831005
319,"[0.15191725359286634, 0.15601717493867895, 0.25354860914172095, 1.8241180896064026]",Random,Miele,1.4041887926729988,377635608491805.8,378251934346746.3,0.17998172400984913
320,"[1.0164035734586978, 0.5100715665032085, 1.8614615880416219, 0.29109104881637116]",Random,Miele,1.586749527438939,30424817419439.586,30457613616366.22,0.15189791598822922
321,"[1.8063579357920756, 0.8902240732969555, -0.18064944854008458, 1.3898742658493504]",Random,Miele,2.195658172346528,181057907712380.5,181574229911510.0,0.1555417759809643
322,"[1.0711231686728704, -0.44874200720677115, 0.17640584454042396, 1.7473605121592368]",Random,Miele,2.117312757708554,1590846891743750.2,1591047535463167.8,0.11699085700092837
323,"[1.58166257461526, 0.6033612173225351, 1.7690059154712383, 0.19784484790287982]",Random,Miele,1.9732718540353595,56501849507920.52,61457883692419.9,0.1306165730347857
324,"[1.8559915549383392, 1.272768140354482, 1.9180744730341814, 0.3474631818344698]",Random,Miele,2.188097837733373,853058578274477.4,1368421325159428.0,0.14546576899010688
325,"[-0.4852496170707381, 1.5927630176663312, 0.9197690969846692, -0.6508391192580321]",Random,Miele,1.8216865760748977,798633174333377.9,798646781158754.6,0.12941598595352843
326,"[0.5021288595135305, 1.561765694751271, 0.03376756429134442, 1.6040585116714867]",Random,Miele,1.3660914657130356,15329558939074.863,15367760852876.762,0.13810779101913795
327,"[-0.6058387881722905, -0.07994004438043967, -0.9823976430983794, 0.5877213074844718]",Random,Miele,2.373433224755822,4749850820349.501,5070762290656.289,0.12985790899256244
328,"[0.719669450970104, 0.9163361825542973, -0.32116463018366936, 1.2496704886544903]",Random,Miele,1.5273293966798787,4.4160031784395866e+17,4.416877196397053e+17,0.13203239801805466
329,"[0.6939550031869945, 1.4123015628855846, 1.471765729494627, -0.09889024868756813]",Random,Miele,1.4428058800103292,2577314944703050.5,2587999833921546.5,0.1138819910120219
330,"[0.03747430211075908, 1.4325174561479557, 1.943365257849735, 0.37002865868689194]",Random,Miele,1.2146100500922592,24014587255.920387,36169491985.95516,0.12869768595555797
331,"[0.4102477284518877, -0.15946592176357655, -0.6665223068346602, 0.9043239001000072]",Random,Miele,2.0734307168797765,1.615434492103026e+17,2.054898627649865e+17,0.1511544439708814
332,"[0.6929889444130415, 0.5722739506151762, 1.3117401393636312, -0.25614877494180877]",Random,Miele,1.5291418867061726,13994858083.593117,27818320417.482002,0.12960051896516234
333,"[0.6991748200048917, -0.8347303683370776, 1.2042004817275842, -0.36640817371755996]",Random,Miele,2.4008019675448278,806135542492246.6,811128296284161.4,0.11899384995922446
334,"[-0.1721654443107815, -0.5653038784765801, 1.2159173803810535, -0.35297989791015494]",Random,Miele,2.087340914055043,76887138996.82349,173309621260.6894,0.12065839604474604
335,"[0.23165737556431276, 0.8007087740715857, 0.36478384050660706, 1.935585081847603]",Random,Miele,1.1714098971080606,1.7142191690716582e+21,1.7142191691210728e+21,0.11524495400954038
336,"[1.4603529092876748, 0.5375429433626071, -0.8895716287047244, 0.6837257018368146]",Random,Miele,2.4529589316951754,25558715475.854393,43426069586.97828,0.12443163397256285
337,"[1.981896200884003, 0.49548077082370123, -0.2994713440934742, 1.2704877701043698]",Random,Miele,2.4380815432596235,2035431901672.3264,3948484818774.4434,0.12818931497167796
338,"[0.6099151533703622, -0.9150773434730032, 0.3591342159256228, 1.9298748899738492]",Random,Miele,2.3054053851753604,1.0424460431471371e+17,1.1809860126251507e+17,0.12504566897405311
339,"[0.3461238771349062, 1.1503902743120547, 0.13103421270375137, 1.701896185874666]",Random,Miele,1.1790584244079458,5.384643723570926e+16,5.4202183890759064e+16,0.1393127060146071
340,"[1.4720539811548723, 1.8392854204873714, 0.2934946775274425, 1.8644070167615547]",Random,Miele,2.0292097481002886,5520542525717162.0,5588907453620210.0,0.16067238902905956
341,"[-0.15449955148453542, 0.6041457757349247, 0.39363081045840165, 1.9646467420371025]",Random,Miele,1.2160582260835862,429964684972721.56,480744351834209.06,0.12107715103775263
342,"[-0.1475421618737499, 1.1682325937365374, 0.6975303462521814, -0.8740629871717036]",Random,Miele,1.9114577856837323,2478288706386.351,2790146197335.4116,0.1252299880143255
343,"[1.264603236941988, 0.4052472615643583, -0.8388392188569035, 0.7314724590432791]",Random,Miele,2.3251642694268675,18125540144424.754,20490947447731.72,0.14910863200202584
344,"[0.5003314550346556, 0.14663670251730898, -0.3021746930929836, 1.2687407704950822]",Random,Miele,1.6572389735477873,4963823926536795.0,4966000949643970.0,0.13212322402978316
345,"[-0.7980312688722101, 1.81814887078602, -0.9508066753985946, 0.6205869099374373]",Random,Miele,2.292558060018714,7858692928609.165,7958400334184.155,0.12977292895084247
346,"[-0.9658924156842913, -0.1430180553444923, 1.929032009057578, 0.359067703621057]",Random,Miele,1.8743887312708336,2086708095399.982,2111780887229.185,0.11924103798810393
347,"[-0.9855859513069027, -0.22711467482579406, 1.3717893502869005, -0.19988282932129997]",Random,Miele,2.013736878957425,1699319492213.7551,1827113789578.7925,0.12057207297766581
348,"[1.27786442576928, 1.9131466374143442, 1.3594891254863324, -0.2100089896448386]",Random,Miele,2.0149760441335345,352060253419.8654,767601008143.0073,0.11488609202206135
349,"[1.2045526442135723, -0.558790069192385, 0.8537361666499481, -0.7171720668767344]",Random,Miele,2.6174121893012336,6376393978486357.0,6376751076364885.0,0.1462243470014073
350,"[0.09131855087950558, 1.4150623944401444, 1.4820473617009733, -0.08787999280231296]",Random,Miele,1.2635143080612692,1753782969305.7192,3575847781580.51,0.16110282100271434
351,"[-0.9555638284362157, 1.70588918175336, 1.4144039513615132, -0.15659008121515317]",Random,Miele,1.7090386239056787,654519359605123.8,654569682458726.5,0.11758922500303015
352,"[0.40697184916168805, 1.128668489601008, 1.4417109393732126, -0.1300874648361423]",Random,Miele,1.2862301109708298,991731992206.9158,1106215054711.5505,0.11637749103829265
353,"[-0.17350237077184993, 0.45800125234984446, -0.8343738062302853, 0.7367240197509153]",Random,Miele,1.9385838176044106,121019504325293.66,129595171035482.22,0.11880804598331451
354,"[1.9656605963094904, 1.1230746121298107, 0.3803516002344258, 1.952635255539994]",Random,Miele,2.2738616953246016,204348336848.56592,297497177332.8911,0.13148666999768466
355,"[1.50327650320672, 1.975530779040731, -0.49404283522404724, 1.0760056598478487]",Random,Miele,2.3344038638938325,3197305563489.4116,5696813935993.313,0.15052905003540218
356,"[0.32442853309675734, 0.6032111623780754, -0.3475723491609445, 1.22478328475322]",Random,Miele,1.4591689470641382,169149977866.8391,312596269810.76056,0.1288322699838318
357,"[0.785560364683155, 1.7016444307518723, 0.3561819538489084, 1.9274279799791412]",Random,Miele,1.5440318417585337,24451803678349.145,24692648771649.117,0.11918312701163813
358,"[-0.5027538597064083, 1.3100447281793426, 1.8147833655462318, 0.24420242500271927]",Random,Miele,1.258567075711147,464652268673348.6,466817048301370.1,0.11036322999279946
359,"[-0.3048514798937665, -0.22747912712231588, 1.9583767119004998, 0.3883077328157243]",Random,Miele,1.7006742145280604,3572986632359.7837,6399864073585.668,0.14088652096688747
360,"[0.49526991077619975, -0.7366658816210157, 0.9505477814942251, -0.6204971472635987]",Random,Miele,2.426882196381062,261807299130571.16,297284606481953.8,0.13827387499623
361,"[-0.7289370903767022, 0.06673676566614262, 0.0317261095338921, 1.602867618196183]",Random,Miele,1.6441816317895221,70438165302906.38,83373523239694.36,0.1186112139839679
362,"[1.3831395545720215, 0.1536807859183993, 1.5452435511215685, -0.025232360335590953]",Random,Miele,1.9944230148753133,94873899909773.34,96659685233775.78,0.12418164598057047
363,"[1.8909167184390134, -0.6671228091495318, -0.9942797895028664, 0.5763651178053197]",Random,Miele,3.242141713295471,1902273281743226.2,1923443046715090.0,0.1149141660425812
364,"[1.9604928188250552, 1.4456378206340457, 0.8516663696905296, -0.7187846115680103]",Random,Miele,2.6492165948989252,70304729677901.85,72600659810032.89,0.13291027396917343
365,"[-0.05413700860778259, -0.7465794891448216, 0.057022017019510374, 1.627991538059745]",Random,Miele,2.0825589009348526,1111389147129873.0,1162077289511057.5,0.12068690703017637
366,"[0.7630749509973309, 0.12660177513348714, -0.8434609832541451, 0.7279463122972514]",Random,Miele,2.19487344642295,7176683202903.599,11459842494788.248,0.14994435902917758
367,"[-0.9071659419002994, -0.06904541865495895, -0.6064666270616216, 0.9651526862625788]",Random,Miele,2.132547188792893,2179860495546.9878,2477193114830.9717,0.17050968599505723
368,"[0.7444684871771883, 1.195461846060017, -0.033226047614647425, 1.5373209970690862]",Random,Miele,1.3959615256251812,258961682390215.25,264006585842989.44,0.13043675798689947
369,"[1.7914146567998759, 1.4581609881450261, 0.16400523403727663, 1.7344878129637507]",Random,Miele,2.1581097191210614,103199313251031.25,104707500729959.08,0.1416227369918488
370,"[-0.3017962697655223, 0.9222880503703568, 0.42730323365254463, 1.9979350709067178]",Random,Miele,1.19204703241527,1365987837053880.2,1565207288035746.0,0.11395854002330452
371,"[1.5744252559980638, 0.08485393573602917, -0.1288184574404584, 1.4418090678167417]",Random,Miele,2.187631954403153,1231670073992646.2,1231741070599118.2,0.1379094070289284
372,"[-0.16347490339549497, -0.004277120510677301, 0.014974658154326859, 1.5857693394434076]",Random,Miele,1.5325459934147279,1.363962133574775e+23,1.3639621860887683e+23,0.11524228297639638
373,"[-0.3640432341215736, -0.16915507749028513, -0.8564203547386747, 0.7155426446192341]",Random,Miele,2.2420222104272955,539763202168.57983,1833790535755.159,0.12752969801658764
374,"[-0.43318406973440315, 0.2949562150452576, -0.9715226847551102, 0.5984672201838703]",Random,Miele,2.17551498426139,2364560687639.121,2386163564363.668,0.12033337203320116
375,"[0.25179659865711645, 0.8471270943923899, -0.24068406188279234, 1.328297034296388]",Random,Miele,1.3167564453998297,92102381876.47348,218215325672.51813,0.1251927959965542
376,"[-0.8507903782018039, 1.8129329678205126, -0.6432973810840862, 0.9288061862257757]",Random,Miele,2.022424070171182,342434127668.4536,739938028321.2169,0.12847353698452935
377,"[-0.12236257972880005, 1.9939725558268746, -0.8093966572855981, 0.762180961328065]",Random,Miele,2.081688785867387,2683777748396.6685,2917013151962.5347,0.137351224955637
378,"[0.05786391296564197, 1.5643575105509253, -0.41809774366071173, 1.1499124184995129]",Random,Miele,1.5347060226424172,16594667781.649385,47911915595.87839,0.11738574499031529
379,"[1.8569363350867838, -0.35838899493059595, 0.9777353190576312, -0.5933090675749251]",Random,Miele,2.798671598267298,264103492163057.06,307833564824209.56,0.16082361299777403
380,"[0.4952828929688955, 1.2958720627941114, 0.9134415757878704, -0.6603596877737916]",Random,Miele,1.7598670617964445,12264600920.507864,19163168342.541622,0.14207686501322314
381,"[1.7848516301196828, 1.59569712731505, -0.38487317758770256, 1.188071935270921]",Random,Miele,2.3438846345054403,46905597074.17045,51349687153.145355,0.1274994729901664
382,"[1.662929048002248, 1.4617482752405766, -0.9584994453321726, 0.612057409022736]",Random,Miele,2.639083935693954,304072965618066.7,516298746915694.7,0.14065347600262612
383,"[0.7475214274222126, 0.16524233506804742, 0.22402444052868775, 1.7975685890426316]",Random,Miele,1.5791967473187938,17540477833.296726,40020016668.8995,0.1180944909574464
384,"[0.1007431859115635, 1.8774521311407288, 0.8183740574666136, -0.7548280567865794]",Random,Miele,1.9729371312430413,29851600749.02258,61981095718.74185,0.1467978649889119
385,"[-0.4714442086469651, 1.5816796858230675, -0.8716238642342086, 0.6960805832244472]",Random,Miele,2.0386156577025916,10942213455.28268,32052955367.2491,0.14022911997744814
386,"[1.5430810269997526, 0.7249855974322794, -0.1857723626944343, 1.3855829716791401]",Random,Miele,2.0028635254767484,10240685664352.107,10518430673905.414,0.12774621899006888
387,"[0.0812247682010998, 0.7359939216778715, -0.41519219172885313, 1.156341019009449]",Random,Miele,1.4503475880338408,3391589733413.815,3751843718784.4434,0.1312699089758098
388,"[0.6620735189387701, -0.9233073260583488, -0.5250347946036084, 1.0450884001692584]",Random,Miele,2.5426790012762472,4870782454301.742,5120341908604.559,0.13164197996957228
389,"[1.1554434699305864, 0.6130931477200163, -0.7865727057865252, 0.7827024846812871]",Random,Miele,2.173432025109484,186778167237.9537,384066981509.66437,0.13670772302430123
390,"[-0.836760116274543, 0.7188074846701349, 0.5750711279411946, -0.9957390583488164]",Random,Miele,2.2232354032341046,2.710256290209343e+19,2.7104070035456524e+19,0.11635644698981196
391,"[-0.4615278388079912, 0.21266925606737996, -0.22372451074083755, 1.348120483194518]",Random,Miele,1.5657545131162018,826891874010.7827,887447834970.0282,0.17047121695941314
392,"[-0.755501894958955, 0.6250865238737486, 0.2637978534936023, 1.83486037808418]",Random,Miele,1.3965416854799317,199150838595010.47,316635222629408.56,0.13849560701055452
393,"[1.7919776576907633, -0.8412967476659784, 1.436535145335406, -0.13457878914392352]",Random,Miele,2.842426709788043,98273389548658.28,102536508709157.64,0.12126457004342228
394,"[1.0152273805489025, 0.6808326474950483, 1.8476797966385647, 0.2758676424327655]",Random,Miele,1.5412602447433352,939116978420.948,1278746113147.605,0.12135684303939342
395,"[1.2331398388816242, -0.3003571534961932, -0.8142453801033939, 0.7569603129144464]",Random,Miele,2.561662971120688,35608352402895.34,38104198607688.92,0.14554367400705814
396,"[-0.1509005133657395, 0.21337626785747954, -0.04888381535174591, 1.5213144558062277]",Random,Miele,1.4189693022906626,7816879915964.184,8128345923798.933,0.13590834802016616
397,"[1.3395818516252276, -0.4825453081621168, 0.6588751034856917, -0.911109165389718]",Random,Miele,2.7858794957814776,2299596260556.316,2409326766457.8003,0.15035982202971354
398,"[0.08682663221589748, 1.8349996177930623, -0.6331152008145882, 0.9378734241878628]",Random,Miele,1.8373046008570078,731305827411955.0,1178876643922931.8,0.11223979602800682
399,"[0.6834535301518503, 0.34111910243803845, 0.04499152594241629, 1.61608360416739]",Random,Miele,1.4808217171201798,130705100743254.31,261623606930156.84,0.1179274310125038
